SHEHIA,MdnTrCv,PrcBldC,Bushbaby,Vervet.Monkey,Bats,Hyrax,Rats.Mice,Small.Cats,Large.Cats,Shrews,Elephant.Shrews,Blue.Monkey,Red.Colobus,Pouched.Rat,Mongoose.B.T,Mongoose.Slender,Mongoose.Banded,Genet,African.Civet,Bushpig,Duiker.Aders,Duiker.Blue,Duiker.Suni,Zanj.Sun.Squirrel,Red.Bush.Squirrel,biodiversity
Amani,0,29.47326705,,,,,,,,,,,,,,,,,,,,,,,,
Bambi,50,0.46725751,3,0,3,0,3,0,0,2,3,0,0,3,2,2,2,0,1,0,0,0,0,3,2,12
Bambi,50,0.46725751,3,0,3,0,3,0,0,2,3,0,0,3,2,2,2,0,1,0,0,0,0,3,2,12
Bandakuu,70,14.64452137,3,0,3,0,3,0,0,2,2,0,0,3,1,1,1,0,2,0,1,1,0,2,1,14
Bandamaji,60,0.960263082,3,0,3,0,3,0,0,2,0,0,0,3,2,2,2,0,1,0,0,0,0,3,2,11
Banko,0,38.45525296,,,,,,,,,,,,,,,,,,,,,,,,
Binguni,40,1.20725226,3,1,3,0,3,0,0,2,1,0,0,3,2,2,2,0,1,0,0,0,0,3,2,13
Binguni,40,1.20725226,3,1,3,0,3,0,0,2,1,0,0,3,2,2,2,0,1,0,0,0,0,3,2,13
Bububu,60,23.73589391,2,0,2,0,3,0,0,1,0,0,1,3,0,0,0,0,0,0,0,0,0,0,0,6
Bumbwisudi,0,0.790774459,3,0,3,0,3,0,0,2,0,0,0,3,1,1,1,0,1,0,0,0,0,3,1,11
Bungi,40,1.055489345,3,0,3,2,3,1,0,3,3,0,2,3,2,2,2,1,0,0,0,0,0,3,3,15
Bungi,40,1.055489345,3,0,3,2,3,1,0,3,3,0,2,3,2,2,2,1,0,0,0,0,0,3,3,15
Bwejuu,50,0.743803663,1,0,2,1,3,1,0,3,3,0,1,3,2,2,2,1,2,2,1,2,3,3,3,20
Bwejuu,50,0.743803663,1,0,2,1,3,1,0,3,3,0,1,3,2,2,2,1,2,2,1,2,3,3,3,20
Bwejuu,50,0.743803663,1,0,2,1,3,1,0,3,3,0,1,3,2,2,2,1,2,2,1,2,3,3,3,20
Bweleo,70,1.273768379,2,2,3,0,3,2,0,3,3,0,0,3,3,3,3,2,2,1,2,2,0,3,3,18
Bwereu,0,1.290520516,1,0,2,0,3,2,1,1,3,1,0,0,3,2,2,0,1,1,0,0,0,2,0,14
ChaaniKubwa,30,1.623033103,3,0,3,0,3,0,0,2,0,0,0,3,0,2,0,0,1,0,2,2,2,3,2,12
ChaaniMasingini,50,1.699207019,3,0,3,0,3,0,0,2,0,0,0,3,0,2,0,0,1,0,2,2,2,3,2,12
Charawe,90,0.098440383,2,0,2,2,3,2,0,3,3,0,3,3,3,3,3,2,2,2,1,3,1,3,2,20
Charawe,90,0.098440383,2,0,2,2,3,2,0,3,3,0,3,3,3,3,3,2,2,2,1,3,1,3,2,20
ChejuHanyegwamchana,0,0.159003756,3,0,3,0,3,0,0,1,2,0,1,2,2,2,2,0,1,0,3,3,0,2,2,15
ChejuHanyegwamchana,0,0.159003756,3,0,3,0,3,0,0,1,2,0,1,2,2,2,2,0,1,0,3,3,0,2,2,15
ChejuZawiyani,70,0.076121526,2,0,3,0,3,0,0,0,0,0,0,3,2,2,2,0,1,0,0,0,0,3,0,9
ChejuZawiyani,70,0.076121526,2,0,3,0,3,0,0,0,0,0,0,3,2,2,2,0,1,0,0,0,0,3,0,9
Chemchem,60,15.90209791,2,0,0,0,3,0,0,1,0,0,0,2,1,1,1,0,0,0,0,0,0,3,1,9
Chuini,80,10.17476737,3,0,3,0,3,0,0,2,3,0,3,2,0,0,0,0,2,0,0,0,0,3,0,9
Chukwani,50,9.246594493,0,0,2,0,2,0,0,0,0,0,0,2,2,2,2,0,0,0,0,0,0,2,2,8
Chumbuni,0,47.78155808,,,,,,,,,,,,,,,,,,,,,,,,
Chunga,60,11.94221681,3,0,3,0,3,0,0,2,0,0,0,3,0,0,0,0,0,0,0,0,0,2,2,7
Chutama,0,0.969490337,3,0,3,0,3,2,0,2,0,0,0,3,2,2,0,2,2,0,2,2,2,2,2,15
Chwaka,50,1.603835269,3,0,3,3,3,1,0,3,3,2,2,3,2,2,2,1,1,2,1,2,0,3,3,20
Chwaka,50,1.603835269,3,0,3,3,3,1,0,3,3,2,2,3,2,2,2,1,1,2,1,2,0,3,3,20
Dimani,60,1.483347841,3,0,3,0,3,0,0,0,3,0,0,3,2,2,2,0,0,0,2,2,0,3,3,12
Dole,60,2.488580638,3,0,3,0,3,0,0,1,0,0,0,3,2,2,2,0,0,0,0,0,0,3,1,10
DongeKarange,60,0.324350382,3,0,2,0,3,0,0,2,0,0,0,3,2,2,2,0,1,0,0,0,0,3,2,11
Dongembiji,40,1.402399547,3,0,2,0,3,0,0,3,0,0,0,3,3,3,3,0,0,0,0,0,0,3,3,10
DongeMtambile,70,5.647190375,3,0,2,0,3,0,0,3,0,0,0,3,3,3,0,0,0,0,0,0,0,3,3,9
DongeVijibweni,80,3.231485702,3,0,3,0,3,0,0,1,1,0,0,3,2,2,2,0,1,0,0,0,0,3,1,12
DongePwani,60,2.753896358,3,0,3,0,3,0,0,1,1,0,0,3,2,2,2,0,1,0,0,0,0,3,1,12
Dongwe,70,0.735146165,0,0,3,0,3,0,1,0,2,0,1,3,3,3,3,1,1,2,2,2,2,2,0,16
Dongwe,70,0.735146165,0,0,3,0,3,0,1,0,2,0,1,3,3,3,3,1,1,2,2,2,2,2,0,16
Dongwe,70,0.735146165,0,0,3,0,3,0,1,0,2,0,1,3,3,3,3,1,1,2,2,2,2,2,0,16
Dungabweni,50,1.318235539,3,0,2,0,3,0,0,3,0,0,0,3,2,2,2,0,0,0,0,0,0,3,3,10
Dungabweni,50,1.318235539,3,0,2,0,3,0,0,3,0,0,0,3,2,2,2,0,0,0,0,0,0,3,3,10
DungaKiembeni,40,0.995219433,3,0,2,0,3,0,0,3,0,0,0,3,3,3,3,0,0,0,0,0,0,3,3,10
DungaKiembeni,40,0.995219433,3,0,2,0,3,0,0,3,0,0,0,3,3,3,3,0,0,0,0,0,0,3,3,10
Fujoni,70,1.54097334,2,0,2,0,3,0,0,3,2,0,0,3,2,2,2,0,0,0,1,0,0,2,2,12
Fukuchani,20,1.681177662,3,0,3,0,3,0,0,2,2,3,0,3,3,2,0,0,0,1,0,0,0,3,1,12
Fumba,70,2.547686404,3,0,2,0,3,0,0,3,3,0,0,3,3,3,3,0,0,0,1,2,0,3,3,13
Gamba,0,2.329821922,3,0,3,0,3,2,0,2,0,0,0,3,2,2,0,2,2,0,2,2,2,2,2,15
Ghana,70,0.760435929,3,0,3,0,3,0,0,2,1,0,0,3,1,1,1,0,1,0,0,0,0,3,2,12
Ghana,70,0.760435929,3,0,3,0,3,0,0,2,1,0,0,3,1,1,1,0,1,0,0,0,0,3,2,12
Gomani,80,1.457234616,3,0,1,3,3,0,0,0,0,3,0,0,0,0,0,0,0,0,0,2,2,0,0,7
Gulioni,0,46.10274516,,,,,,,,,,,,,,,,,,,,,,,,
Hawaii,70,5.218999043,3,0,3,0,3,0,0,0,0,0,0,3,0,0,0,0,0,0,0,0,0,3,0,5
JambianiKibigija,80,0.610901416,2,1,2,0,3,2,0,0,1,0,1,3,2,2,2,0,0,0,2,2,0,3,3,15
JambianiKibigija,80,0.610901416,2,1,2,0,3,2,0,0,1,0,1,3,2,2,2,0,0,0,2,2,0,3,3,15
JambianiKibigija,80,0.610901416,2,1,2,0,3,2,0,0,1,0,1,3,2,2,2,0,0,0,2,2,0,3,3,15
JambianiKikadini,50,0.30361544,3,0,3,3,3,0,0,3,3,0,2,3,2,1,1,1,2,2,1,0,1,3,1,18
JambianiKikadini,50,0.30361544,3,0,3,3,3,0,0,3,3,0,2,3,2,1,1,1,2,2,1,0,1,3,1,18
JambianiKikadini,50,0.30361544,3,0,3,3,3,0,0,3,3,0,2,3,2,1,1,1,2,2,1,0,1,3,1,18
Jang'ombe,0,53.47123378,,,,,,,,,,,,,,,,,,,,,,,,
Jendele,40,0.927553195,3,0,3,0,3,0,0,1,2,0,1,2,2,2,2,0,1,0,3,3,0,2,2,15
Jendele,40,0.927553195,3,0,3,0,3,0,0,1,2,0,1,2,2,2,2,0,1,0,3,3,0,2,2,15
Jongowe,0,1.664707088,3,0,1,3,3,0,0,0,0,3,0,0,0,0,0,0,0,0,0,2,2,0,0,7
Jugakuu,0,0.940141255,2,0,3,0,3,0,0,3,0,0,0,2,2,2,2,0,0,0,2,2,0,3,3,12
Jumbi,0,4.157803884,2,0,2,0,3,0,0,3,0,0,0,3,1,1,1,0,0,0,0,0,0,3,3,10
Jumbi,0,4.157803884,2,0,2,0,3,0,0,3,0,0,0,3,1,1,1,0,0,0,0,0,0,3,3,10
Kajengwa,40,0.264853386,3,0,3,1,3,1,0,3,3,0,0,3,3,3,2,1,1,1,1,1,1,3,3,19
Kajengwa,40,0.264853386,3,0,3,1,3,1,0,3,3,0,0,3,3,3,2,1,1,1,1,1,1,3,3,19
Kajengwa,40,0.264853386,3,0,3,1,3,1,0,3,3,0,0,3,3,3,2,1,1,1,1,1,1,3,3,19
Kama,60,5.036025874,3,0,2,0,3,0,0,0,0,0,0,2,1,1,1,0,0,0,0,0,0,2,2,9
Kandwi,0,0.389326217,3,0,3,0,3,2,0,3,0,0,0,3,3,3,3,2,3,0,0,1,0,3,3,14
Karakana,0,17.71629743,,,,,,,,,,,,,,,,,,,,,,,,
Kianga,40,8.053202768,3,3,3,0,3,1,0,3,3,0,0,3,2,2,0,1,0,0,2,2,2,3,3,16
Kibeni,0,3.681559452,3,0,3,0,3,0,0,2,1,0,0,3,2,2,2,0,2,0,0,0,0,3,3,12
KibojeMkwajuni,80,0.664601409,3,0,3,0,3,0,0,2,0,0,0,3,2,2,2,0,2,0,0,0,0,3,2,11
KibojeMwembeshauri,60,0.426909053,3,0,3,0,3,0,0,2,0,0,0,3,2,2,2,0,2,0,0,0,0,3,2,11
Kiboje,80,0.664601409,3,0,3,0,3,0,0,2,0,0,0,3,2,2,2,0,2,0,0,0,0,3,2,11
Kiboje,60,0.426909053,3,0,3,0,3,0,0,2,0,0,0,3,2,2,2,0,2,0,0,0,0,3,2,11
Kibondeni,60,2.501613833,3,1,3,2,3,2,0,3,3,0,1,3,3,3,3,2,2,0,0,2,0,3,3,18
Kibuteni,50,0.103997454,3,0,3,2,3,0,0,3,3,0,3,3,2,1,1,1,1,2,0,1,1,3,3,18
Kibuteni,50,0.103997454,3,0,3,2,3,0,0,3,3,0,3,3,2,1,1,1,1,2,0,1,1,3,3,18
Kibuteni,50,0.103997454,3,0,3,2,3,0,0,3,3,0,3,3,2,1,1,1,1,2,0,1,1,3,3,18
Kibweni,30,30.78710458,2,0,0,0,3,0,0,0,0,0,0,2,0,0,0,0,0,0,0,0,0,0,0,3
Kidanzini,20,1.171631342,3,3,3,0,3,0,0,0,0,0,0,3,3,3,3,0,2,0,1,1,0,3,2,13
Kidimni,70,2.48315957,3,0,3,0,3,0,0,1,0,0,0,2,1,1,1,0,0,0,0,0,0,3,1,10
Kidimni,70,2.48315957,3,0,3,0,3,0,0,1,0,0,0,2,1,1,1,0,0,0,0,0,0,3,1,10
Kidombo,0,3.109154872,3,0,3,0,3,0,0,1,0,0,0,3,2,2,2,0,1,0,1,1,0,3,1,13
KidongoChekundu,0,36.70445378,,,,,,,,,,,,,,,,,,,,,,,,
Kidoti,0,0.792658145,3,3,3,0,3,0,0,2,0,0,0,3,2,2,2,0,0,0,2,0,0,3,1,12
KiembeSamaki,50,22.11430761,,,,,,,,,,,,,,,,,,,,,,,,
Kigomani,30,1.321994244,2,0,2,0,3,0,0,3,3,0,1,3,3,3,3,0,2,0,2,0,0,0,3,13
Kigongoni,0,0.402754979,3,0,3,0,3,0,0,2,0,0,0,2,0,0,0,0,1,0,0,0,0,3,2,8
Kigunda,0,2.77463726,3,0,3,0,3,2,0,3,0,0,0,3,2,2,2,0,1,0,2,2,0,3,2,14
Kihinani,60,21.85921342,1,0,0,0,3,0,0,0,0,0,0,1,0,0,0,0,0,0,0,0,0,0,0,3
Kijibwemtu,80,0.054255915,3,0,3,0,3,0,0,3,2,0,0,3,3,3,3,0,2,2,2,2,0,2,3,15
Kijibwemtu,60,0.56121223,3,0,3,0,3,0,0,3,2,0,0,3,3,3,3,0,2,2,2,2,0,2,3,15
Kijibwemtu,80,0.054255915,3,0,3,0,3,0,0,3,2,0,0,3,3,3,3,0,2,2,2,2,0,2,3,15
Mchanganishamba,60,0.56121223,3,0,3,0,3,0,0,3,2,0,0,3,3,3,3,0,2,2,2,2,0,2,3,15
Kijichi,20,20.79918135,2,0,3,0,3,0,0,0,0,0,0,3,2,2,2,0,0,0,0,0,0,2,0,8
Kijini,40,0.385750196,3,0,1,0,3,0,0,2,2,0,0,2,2,1,2,0,0,0,0,0,0,3,3,11
Kijini,40,0.385750196,3,0,1,0,3,0,0,2,2,0,0,2,2,1,2,0,0,0,0,0,0,3,3,11
Kijini,40,0.385750196,3,0,1,0,3,0,0,2,2,0,0,2,2,1,2,0,0,0,0,0,0,3,3,11
KijiniMatemwe,0,0.320471284,3,0,1,0,3,0,0,2,2,0,0,2,2,1,2,0,0,0,0,0,0,3,3,11
Kijitoupele,0,26.37110595,2,0,3,0,3,0,0,0,0,0,0,3,0,0,0,0,0,0,0,0,0,0,0,4
Kikaangoni,0,31.46905827,,,,,,,,,,,,,,,,,,,,,,,,
Kikobweni,0,1.245567921,3,0,3,0,3,0,0,2,0,0,0,3,2,2,2,0,2,0,2,2,2,3,2,14
Kikungwi,40,0.600783342,3,0,2,0,3,2,0,3,3,0,1,3,2,2,2,2,2,0,0,3,0,2,3,16
Kikungwi,40,0.600783342,3,0,2,0,3,2,0,3,3,0,1,3,2,2,2,2,2,0,0,3,0,2,3,16
KikwajuniBondeni,0,34.36174477,,,,,,,,,,,,,,,,,,,,,,,,
KikwaJunijuu,30,11.14043202,,,,,,,,,,,,,,,,,,,,,,,,
KilimahewaBondeni,0,55.70192301,,,,,,,,,,,,,,,,,,,,,,,,
KilimahewaJuu,0,41.01866109,,,,,,,,,,,,,,,,,,,,,,,,
Kilimani,40,9.982579476,0,0,3,0,3,1,0,3,0,0,0,3,2,0,0,2,0,0,2,2,2,2,3,12
Kilimani,0,1.166287904,0,0,3,0,3,1,0,3,0,0,0,3,2,0,0,2,0,0,2,2,2,2,3,12
Kilindi,0,1.279297982,3,0,3,0,3,1,0,2,1,0,0,3,1,1,1,1,2,0,0,0,0,2,1,14
Kilombero,0,0.272620167,3,0,3,0,3,0,0,2,0,0,0,2,1,1,1,0,1,0,0,0,0,3,2,11
Kinduni,60,1.607199393,3,0,3,0,3,2,0,3,0,0,0,3,3,3,3,2,2,0,0,0,0,3,3,13
Kinuni,0,42.09104043,1,0,3,0,3,0,0,0,0,0,0,3,0,0,0,0,0,0,0,0,0,1,0,5
Kinyasini,0,2.08769029,3,0,3,0,3,0,0,1,0,0,0,3,3,3,3,0,2,0,2,2,2,3,1,14
Kiombamvua,60,2.838869383,3,0,2,0,3,0,0,2,2,0,0,2,2,2,2,0,2,0,0,0,0,3,2,12
Kiongoni,50,2.770331519,3,1,3,0,3,0,0,0,3,0,0,3,0,1,0,0,0,0,0,1,0,3,0,9
Kiongoni,50,2.770331519,3,1,3,0,3,0,0,0,3,0,0,3,0,1,0,0,0,0,0,1,0,3,0,9
Kiongoni,50,2.770331519,3,1,3,0,3,0,0,0,3,0,0,3,0,1,0,0,0,0,0,1,0,3,0,9
Kiongwekidogo,0,0.305473715,3,0,3,0,3,0,0,3,2,0,0,3,2,2,2,0,2,0,0,0,0,2,2,12
Kipange,0,0.419324572,3,0,2,0,3,0,0,3,0,0,0,3,3,3,3,0,3,0,0,0,0,3,3,11
Kiponda,0,41.16380734,,,,,,,,,,,,,,,,,,,,,,,,
Kisauni,0,10.15276388,,,,,,,,,,,,,,,,,,,,,,,,
KisimaMajongoo,0,48.5007247,,,,,,,,,,,,,,,,,,,,,,,,
Kisiwandui,0,53.00519137,,,,,,,,,,,,,,,,,,,,,,,,
Kisongoni,50,1.149072756,3,0,3,0,3,0,0,2,1,0,0,3,2,2,2,0,0,0,0,0,0,2,2,11
Kitogani,70,0.39875989,2,1,2,1,3,1,1,3,3,0,1,3,3,3,3,2,2,1,2,2,1,3,3,22
Kitogani,70,0.39875989,2,1,2,1,3,1,1,3,3,0,1,3,3,3,3,2,2,1,2,2,1,3,3,22
Kitogani,70,0.39875989,2,1,2,1,3,1,1,3,3,0,1,3,3,3,3,2,2,1,2,2,1,3,3,22
Kitope,60,1.36242947,3,2,3,0,3,0,0,3,0,0,0,3,2,2,2,0,3,0,3,3,3,3,3,15
Kiungani,0,9.314131509,3,0,3,0,3,2,0,3,0,0,0,3,1,1,1,2,2,0,0,0,0,3,2,13
Kivunge,30,7.82577743,2,0,2,0,3,0,0,2,0,0,0,3,1,1,1,0,0,0,0,0,0,2,2,10
Kiwengwa,100,0.979987499,3,0,2,0,3,0,0,2,2,0,3,3,3,3,3,2,2,0,3,3,0,3,2,16
Kizimbani,40,1.35112357,3,0,2,0,3,0,0,1,0,0,0,3,2,2,2,0,1,0,0,0,0,3,1,11
KizimkaziDimbani,70,0.947841936,2,1,1,1,3,1,0,0,1,1,2,2,1,1,1,0,0,1,0,2,0,2,0,16
KizimkaziDimbani,70,0.947841936,2,1,1,1,3,1,0,0,1,1,2,2,1,1,1,0,0,1,0,2,0,2,0,16
KizimkaziDimbani,70,0.947841936,2,1,1,1,3,1,0,0,1,1,2,2,1,1,1,0,0,1,0,2,0,2,0,16
KizimkaziMkunguni,70,1.084103655,2,0,2,3,3,1,0,3,3,0,1,2,2,1,1,1,1,2,1,1,1,3,3,20
KizimkaziMkunguni,70,1.084103655,2,0,2,3,3,1,0,3,3,0,1,2,2,1,1,1,1,2,1,1,1,3,3,20
KizimkaziMkunguni,70,1.084103655,2,0,2,3,3,1,0,3,3,0,1,2,2,1,1,1,1,2,1,1,1,3,3,20
Koani,40,2.983061152,3,0,3,0,3,0,0,0,0,0,0,2,0,0,0,0,0,0,0,0,0,2,0,5
Koani,40,2.983061152,3,0,3,0,3,0,0,0,0,0,0,2,0,0,0,0,0,0,0,0,0,2,0,5
Kombeni,30,2.963336377,2,0,2,0,3,0,0,0,3,0,0,2,3,3,3,0,0,0,2,2,0,3,3,12
Kwaalimsha,0,50.92469056,,,,,,,,,,,,,,,,,,,,,,,,
Kwaalinatu,0,44.08564853,,,,,,,,,,,,,,,,,,,,,,,,
KwabitiHamrani,0,32.75856683,,,,,,,,,,,,,,,,,,,,,,,,
Kwagoa,40,23.85290275,,,,,,,,,,,,,,,,,,,,,,,,
Kwagube,20,2.400926207,2,0,3,0,3,0,0,0,0,0,0,3,0,0,0,0,1,0,0,0,0,3,0,6
Kwahani,0,52.17116976,,,,,,,,,,,,,,,,,,,,,,,,
Kwamchina,0,37.66134457,,,,,,,,,,,,,,,,,,,,,,,,
Kwamtipura,0,58.67321764,,,,,,,,,,,,,,,,,,,,,,,,
KwamtumwaJeni,0,32.82295867,,,,,,,,,,,,,,,,,,,,,,,,
kwarara,40,11.26764372,,,,,,,,,,,,,,,,,,,,,,,,
kwarara,0,29.07376275,,,,,,,,,,,,,,,,,,,,,,,,
KwaWazee,0,35.19714443,,,,,,,,,,,,,,,,,,,,,,,,
Machui,60,1.276083117,3,0,3,0,3,0,0,2,0,0,0,3,1,1,1,0,1,0,0,0,0,3,0,10
Machui,60,1.276083117,3,0,3,0,3,0,0,2,0,0,0,3,1,1,1,0,1,0,0,0,0,3,0,10
Mafufuni,0,1.161357127,3,0,3,0,3,0,0,3,0,0,0,3,2,2,2,0,0,0,0,0,0,0,3,9
Magogoni,0,38.04330445,,,,,,,,,,,,,,,,,,,,,,,,
Magomeni,0,31.81110111,,,,,,,,,,,,,,,,,,,,,,,,
Mahonda,0,4.136284023,3,0,3,0,3,0,0,3,0,0,0,3,3,3,3,0,2,0,0,0,0,3,3,11
Majenzi,30,0.507647693,3,0,2,0,2,0,0,2,0,0,0,3,2,2,2,0,1,0,0,0,0,3,2,11
Makadara,0,52.97529909,,,,,,,,,,,,,,,,,,,,,,,,
Makoba,0,2.126769521,3,2,2,0,3,0,0,3,0,0,0,3,1,1,1,0,0,0,0,0,0,3,3,11
Malindi,0,36.96432361,,,,,,,,,,,,,,,,,,,,,,,,
Mambosasa,0,26.70916623,2,0,3,0,3,0,0,0,0,0,0,3,0,0,0,0,0,0,0,0,0,1,0,5
Mangapwani,80,1.932260577,3,0,2,0,3,0,0,3,3,0,0,3,2,2,2,0,0,0,0,0,0,3,3,11
Mapinduzi,0,41.33468464,,,,,,,,,,,,,,,,,,,,,,,,
Maruhubi,40,28.76426841,,,,,,,,,,,,,,,,,,,,,,,,
Marumbi,60,0.714109177,3,0,3,2,3,1,0,3,3,3,2,3,3,3,3,1,1,1,1,2,0,3,3,20
Marumbi,60,0.714109177,3,0,3,2,3,1,0,3,3,3,2,3,3,3,3,1,1,1,1,2,0,3,3,20
Masingini,80,9.441391885,3,0,3,0,3,0,0,2,0,0,0,3,0,2,0,0,1,0,2,2,2,3,2,12
Masumbani,0,39.3060186,,,,,,,,,,,,,,,,,,,,,,,,
Matarumbeta,0,33.81617837,,,,,,,,,,,,,,,,,,,,,,,,
MatemweKaskazini,0,1.399566324,3,0,3,0,3,0,0,1,1,0,0,3,1,1,1,0,0,0,0,0,0,3,1,11
MatemweKusini,0,0.723498257,2,0,3,0,3,0,0,3,3,0,0,3,3,3,3,0,0,0,0,0,0,3,2,11
Matetema,0,3.596316207,2,0,2,0,2,1,1,2,0,0,0,2,2,2,2,1,1,0,0,0,0,2,2,14
Maungani,40,7.508121179,3,0,3,0,3,0,0,1,0,0,0,2,1,1,1,0,0,0,0,0,0,3,1,10
Mbaleni,60,0.451216463,3,0,3,0,3,0,0,1,0,0,0,3,1,1,1,0,1,0,0,0,0,2,1,11
Mboriborini,0,56.31781343,,,,,,,,,,,,,,,,,,,,,,,,
Mbuyutende,0,0.830693962,0,0,2,0,3,0,0,2,2,0,0,3,2,2,2,0,0,0,2,2,0,3,2,12
Mbuzini,50,8.735078085,3,0,3,0,3,0,0,1,0,0,0,3,2,2,2,0,1,0,0,0,0,3,1,11
Mbweni,40,16.61255019,1,0,2,0,2,0,0,0,0,0,0,1,0,0,0,0,0,0,0,0,0,0,0,4
Mchangani,50,1.420337598,3,0,3,0,3,0,0,3,1,0,0,3,3,3,3,0,2,0,0,0,0,3,3,12
MchanganiMjini,0,44.00164394,,,,,,,,,,,,,,,,,,,,,,,,
Mchezashauri,70,1.899688487,,,,,,,,,,,,,,,,,,,,,,,,
Mchikichini,40,23.64995957,,,,,,,,,,,,,,,,,,,,,,,,
Melinne,,48.74235144,,,,,,,,,,,,,,,,,,,,,,,,
Meya,0,47.48697478,,,,,,,,,,,,,,,,,,,,,,,,
Mfenesini,30,6.080445129,3,0,3,0,3,0,0,1,0,0,0,2,0,0,0,0,1,0,0,0,0,3,1,8
Mgambo,50,0.614965837,3,0,3,0,3,2,0,3,0,0,2,3,3,3,3,2,3,1,3,3,3,3,3,18
Mgenihaji,90,1.309883332,3,0,3,0,3,0,0,2,0,0,0,3,2,2,2,0,2,0,0,0,0,3,2,11
Mgenihaji,90,1.309883332,3,0,3,0,3,0,0,2,0,0,0,3,2,2,2,0,2,0,0,0,0,3,2,11
Michamvi,70,1.141859376,2,3,2,0,3,0,0,0,3,0,2,2,3,3,3,0,1,1,2,2,2,3,0,16
Michamvi,70,1.141859376,2,3,2,0,3,0,0,0,3,0,2,2,3,3,3,0,1,1,2,2,2,3,0,16
Michamvi,70,1.141859376,2,3,2,0,3,0,0,0,3,0,2,2,3,3,3,0,1,1,2,2,2,3,0,16
Michungwani,0,17.09855404,,,,,,,,,,,,,,,,,,,,,,,,
Miembeni,40,25.30174761,0,0,3,0,0,0,0,0,0,0,0,1,0,0,0,0,0,0,0,0,0,0,0,2
Migombani,70,11.68049086,2,0,2,0,3,0,0,0,0,0,0,3,0,0,0,0,0,0,0,0,0,2,2,6
Mikarafuuni,,38.78538796,,,,,,,,,,,,,,,,,,,,,,,,
Mikunguni,0,44.3380593,,,,,,,,,,,,,,,,,,,,,,,,
Misufini,20,1.935697758,3,0,3,0,3,3,0,2,2,2,3,3,3,3,3,3,2,0,3,3,0,3,3,18
Mitakawani,90,1.613655008,,,,,,,,,,,,,,,,,,,,,,,,
Mitakawani,90,1.613655008,,,,,,,,,,,,,,,,,,,,,,,,
Mitiulaya,0,46.59890031,,,,,,,,,,,,,,,,,,,,,,,,
Miwani,60,0.880693874,3,0,3,0,3,0,0,2,0,0,0,3,2,2,2,0,0,0,0,0,0,3,2,10
Miwani,60,0.880693874,3,0,3,0,3,0,0,2,0,0,0,3,2,2,2,0,0,0,0,0,0,3,2,10
Mkadini,50,7.33383109,3,0,3,0,3,0,0,2,1,0,0,3,0,0,0,0,1,0,0,0,0,3,2,9
Mkataleni,0,3.156748137,3,0,3,0,3,0,0,2,0,0,0,2,2,2,2,0,0,0,0,0,0,2,2,10
Mkele,0,36.48829695,,,,,,,,,,,,,,,,,,,,,,,,
Mkokotoni,60,2.928503862,3,2,2,0,3,0,0,2,2,0,1,3,2,0,2,0,1,0,0,0,0,2,0,12
Mkunazini,30,26.70680574,,,,,,,,,,,,,,,,,,,,,,,,
Mkwajuni,50,4.321573071,3,0,3,0,3,0,0,2,0,0,0,3,3,3,3,0,0,0,0,0,0,3,3,10
Mlandege,0,40.96062234,,,,,,,,,,,,,,,,,,,,,,,,
Mnarani,0,36.49758235,2,0,3,0,3,0,0,0,0,0,0,2,0,0,0,0,0,0,0,0,0,0,0,4
MnaziMmoja,40,10.9322327,,,,,,,,,,,,,,,,,,,,,,,,
Mnyimbi,0,1.13359059,3,2,3,0,3,3,0,3,0,0,0,3,3,3,3,3,2,0,0,0,0,3,2,14
Moga,50,1.813826501,3,0,3,0,3,2,0,2,0,0,0,3,2,2,0,2,2,0,2,2,2,2,2,15
Mombasa,0,29.76321809,,,,,,,,,,,,,,,,,,,,,,,,
Mpapa,30,5.571439638,,,,,,,,,,,,,,,,,,,,,,,,
Mpapa,30,5.571439638,,,,,,,,,,,,,,,,,,,,,,,,
Mpendae,0,24.33593198,,,,,,,,,,,,,,,,,,,,,,,,
Mtakuja,80,1.638745025,3,0,1,3,3,0,0,0,0,3,0,0,0,0,0,0,0,0,0,2,0,0,0,6
Mtende,70,0.20583207,3,0,3,3,3,2,0,3,3,0,2,3,2,2,2,2,2,2,3,2,2,3,3,20
Mtende,70,0.20583207,3,0,3,3,3,2,0,3,3,0,2,3,2,2,2,2,2,2,3,2,2,3,3,20
Mtende,70,0.20583207,3,0,3,3,3,2,0,3,3,0,2,3,2,2,2,2,2,2,3,2,2,3,3,20
Mtofaani,60,19.41513794,3,0,3,0,3,0,0,1,0,0,0,2,1,1,1,0,0,0,0,0,0,2,1,10
Mtoni,80,9.064533743,,,,,,,,,,,,,,,,,,,,,,,,
MtoniChemchem,20,21.60666288,,,,,,,,,,,,,,,,,,,,,,,,
MtoniKidatu,0,30.70030534,,,,,,,,,,,,,,,,,,,,,,,,
Mtopepo,0,31.64988871,,,,,,,,,,,,,,,,,,,,,,,,
Mtowapwani,50,1.165452865,3,3,3,0,3,0,0,3,0,0,0,3,2,2,2,0,0,0,0,0,0,3,2,11
Muembeladu,0,36.32570259,,,,,,,,,,,,,,,,,,,,,,,,
MuembeMadema,50,23.85937798,,,,,,,,,,,,,,,,,,,,,,,,
MuembeMajogoo,,41.8415316,,,,,,,,,,,,,,,,,,,,,,,,
MuembeMchomeke,0,18.57404542,2,0,1,0,2,0,0,0,0,0,0,1,2,2,2,0,0,0,0,0,0,0,0,7
Muembeshauri,0,46.29952614,1,0,3,0,3,0,0,0,0,0,0,2,0,0,0,0,0,0,0,0,0,0,0,4
MuembeTanga,0,40.94056085,,,,,,,,,,,,,,,,,,,,,,,,
Munduli,40,17.85291061,,,,,,,,,,,,,,,,,,,,,,,,
Muungano,0,55.3149793,,,,,,,,,,,,,,,,,,,,,,,,
Muungoni,60,0.246961831,3,0,2,3,3,0,0,0,3,0,1,3,2,2,2,0,0,1,3,3,3,3,0,15
Muungoni,60,0.246961831,3,0,2,3,3,0,0,0,3,0,1,3,2,2,2,0,0,1,3,3,3,3,0,15
Muungoni,60,0.246961831,3,0,2,3,3,0,0,0,3,0,1,3,2,2,2,0,0,1,3,3,3,3,0,15
Muwanda,0,0.672308344,3,0,3,0,3,0,0,3,1,0,0,3,2,2,2,0,3,0,2,2,2,3,2,15
Muwange,0,5.579845952,3,3,3,0,3,0,2,3,3,3,0,3,3,2,1,2,2,0,0,1,0,3,2,17
Muyuni A,50,0.130587305,3,0,3,3,3,1,0,3,3,0,2,3,3,3,3,1,2,1,2,3,2,3,3,20
Muyuni A,50,0.130587305,3,0,3,3,3,1,0,3,3,0,2,3,3,3,3,1,2,1,2,3,2,3,3,20
Muyuni A,50,0.130587305,3,0,3,3,3,1,0,3,3,0,2,3,3,3,3,1,2,1,2,3,2,3,3,20
Muyuni B,60,0.267694534,3,0,3,2,3,0,0,0,3,0,2,0,0,0,0,0,0,0,3,3,3,3,0,10
Muyuni B,60,0.267694534,3,0,3,2,3,0,0,0,3,0,2,0,0,0,0,0,0,0,3,3,3,3,0,10
Muyuni B,60,0.267694534,3,0,3,2,3,0,0,0,3,0,2,0,0,0,0,0,0,0,3,3,3,3,0,10
Muyuni C,60,0.052894994,3,0,3,3,3,2,0,3,3,0,3,3,3,3,3,2,2,2,0,3,2,3,3,19
Muyuni C,60,0.052894994,3,0,3,3,3,2,0,3,3,0,3,3,3,3,3,2,2,2,0,3,2,3,3,19
Muyuni C,60,0.052894994,3,0,3,3,3,2,0,3,3,0,3,3,3,3,3,2,2,2,0,3,2,3,3,19
Mwakaje,60,1.529733684,3,0,3,0,3,0,0,1,0,0,0,3,2,2,2,0,1,0,0,0,0,3,1,11
Mwanakwerekwe,,40.71590615,0,0,3,0,3,0,0,0,0,0,0,2,0,0,0,0,0,0,0,0,0,0,0,3
Mwanyanya,40,23.58362277,3,0,3,0,3,0,0,1,0,0,0,3,2,2,2,0,1,0,0,0,0,2,1,11
MwembeMakumbi,0,40.20580107,,,,,,,,,,,,,,,,,,,,,,,,
Mwera,60,8.66299546,2,0,3,0,3,0,0,1,0,0,0,3,2,2,2,0,1,0,0,0,0,2,1,11
Mzuri,50,1.690618479,3,0,3,1,3,0,0,3,3,0,1,3,2,1,1,0,0,0,0,1,1,3,3,15
Mzuri,50,1.690618479,3,0,3,1,3,0,0,3,3,0,1,3,2,1,1,0,0,0,0,1,1,3,3,15
Mzuri,50,1.690618479,3,0,3,1,3,0,0,3,3,0,1,3,2,1,1,0,0,0,0,1,1,3,3,15
NdijaniMseweni,60,0.814840553,3,0,3,0,3,0,0,2,1,0,0,2,2,2,2,0,2,0,0,0,0,3,2,12
NdijaniMseweni,60,0.814840553,3,0,3,0,3,0,0,2,1,0,0,2,2,2,2,0,2,0,0,0,0,3,2,12
Ndijanimwembepunda,80,0.886338752,3,0,3,0,3,0,0,2,1,0,0,2,2,2,2,0,2,0,0,0,0,3,0,11
Ndijanimwembepunda,80,0.886338752,3,0,3,0,3,0,0,2,1,0,0,2,2,2,2,0,2,0,0,0,0,3,0,11
Ng'ambwa,0,0.190725221,2,1,3,1,3,2,0,0,3,0,0,3,3,3,3,2,2,0,2,2,0,3,0,16
Ng'ambwa,0,0.190725221,2,1,3,1,3,2,0,0,3,0,0,3,3,3,3,2,2,0,2,2,0,3,0,16
Nganani,50,1.574451691,3,0,3,3,3,0,0,0,3,0,0,3,3,3,3,1,1,2,1,3,1,3,0,16
Nganani,50,1.574451691,3,0,3,3,3,0,0,0,3,0,0,3,3,3,3,1,1,2,1,3,1,3,0,16
Nganani,50,1.574451691,3,0,3,3,3,0,0,0,3,0,0,3,3,3,3,1,1,2,1,3,1,3,0,16
Njiayamtoni,20,0.565450152,3,0,2,0,3,0,0,2,1,0,0,3,2,2,2,0,2,0,0,0,0,3,2,12
Nyamanzi,50,4.445610083,2,0,3,0,3,0,0,3,3,0,0,2,2,2,2,0,0,0,1,1,0,2,2,13
Nyerere,0,44.40942691,,,,,,,,,,,,,,,,,,,,,,,,
Nyuragusu,,36.18499756,,,,,,,,,,,,,,,,,,,,,,,,
Pagali,20,0.261712698,3,0,3,0,3,0,0,0,3,0,2,3,3,3,3,0,3,0,3,3,0,3,0,13
Pagali,20,0.261712698,3,0,3,0,3,0,0,0,3,0,2,3,3,3,3,0,3,0,3,3,0,3,0,13
Paje,60,0.794758552,3,0,3,0,3,2,0,3,3,0,1,3,2,2,2,2,2,1,1,2,0,3,3,18
Paje,60,0.794758552,3,0,3,0,3,2,0,3,3,0,1,3,2,2,2,2,2,1,1,2,0,3,3,18
Paje,60,0.794758552,3,0,3,0,3,2,0,3,3,0,1,3,2,2,2,2,2,1,1,2,0,3,3,18
Pale,60,0.574319804,3,2,2,0,3,0,0,3,0,2,0,3,2,2,2,0,0,0,0,0,0,3,3,12
Pangawe,,40.24080114,,,,,,,,,,,,,,,,,,,,,,,,
Pangeni,0,0.420112914,3,0,3,0,3,0,0,2,1,0,0,3,2,2,2,0,2,0,0,0,0,3,2,12
Pete,80,0.221630205,3,0,3,2,3,2,0,0,3,0,3,3,3,3,3,2,2,1,3,3,0,3,3,18
Pete,80,0.221630205,3,0,3,2,3,2,0,0,3,0,3,3,3,3,3,2,2,1,3,3,0,3,3,18
Pitanazako,80,6.939567908,2,0,3,0,3,0,0,3,3,0,0,2,1,3,0,1,1,0,0,0,0,3,2,12
Pongwe,90,0.457920739,3,0,3,2,3,0,0,2,3,0,1,2,3,3,3,0,2,1,2,2,0,2,2,17
Pongwe,90,0.457920739,3,0,3,2,3,0,0,2,3,0,1,2,3,3,3,0,2,1,2,2,0,2,2,17
Potoa,0,1.824176145,3,0,3,0,3,0,0,3,3,1,0,3,3,0,0,1,1,0,0,1,0,3,3,13
PwaniMchangani,40,2.783115804,3,0,3,0,3,0,0,3,1,0,0,3,1,1,1,0,0,0,0,0,0,2,2,11
Rahaleo,0,31.32487118,,,,,,,,,,,,,,,,,,,,,,,,
Saateni,0,43.55409218,,,,,,,,,,,,,,,,,,,,,,,,
Sebleni,0,46.24387918,0,0,3,0,0,0,0,0,0,0,0,1,0,0,0,0,0,0,0,0,0,0,0,2
Shakani,40,4.697689272,3,0,2,0,3,0,0,2,2,0,0,1,0,0,0,0,0,0,1,1,0,2,2,10
Shangani,0,31.56896801,,,,,,,,,,,,,,,,,,,,,,,,
SharifuMsa,70,20.76674264,1,0,2,0,2,0,0,0,0,0,0,2,0,0,0,0,0,0,0,0,0,0,0,4
Shaurimoyo,0,51.94399298,,,,,,,,,,,,,,,,,,,,,,,,
Sogea,0,42.46404046,,,,,,,,,,,,,,,,,,,,,,,,
Sokoni,60,36.45114727,,,,,,,,,,,,,,,,,,,,,,,,
Tasani,50,0.792997804,3,0,3,0,3,2,0,0,3,2,2,2,2,2,0,0,0,0,1,0,0,3,3,13
Tasani,50,0.792997804,3,0,3,0,3,2,0,0,3,2,2,2,2,2,0,0,0,0,1,0,0,3,3,13
Tasani,50,0.792997804,3,0,3,0,3,2,0,0,3,2,2,2,2,2,0,0,0,0,1,0,0,3,3,13
Taveta,,44.06910586,2,0,3,0,3,0,0,0,0,0,0,2,0,0,0,0,0,0,0,0,0,0,0,4
Tazari,0,1.692419983,3,0,3,0,3,0,0,2,2,0,0,3,1,1,1,0,1,0,0,0,0,3,0,11
Tindini,60,0.823127989,2,1,0,3,3,0,0,3,3,0,0,3,3,3,3,0,2,0,2,3,0,3,3,15
Tindini,60,0.823127989,2,1,0,3,3,0,0,3,3,0,0,3,3,3,3,0,2,0,2,3,0,3,3,15
Tomondo,0,24.66617506,1,0,3,0,3,0,0,0,0,0,0,0,0,0,0,0,0,0,0,0,0,0,0,3
Tunduni,80,1.187639483,3,0,3,0,3,0,0,2,2,0,0,3,2,2,2,0,2,0,0,0,0,3,2,12
Tunduni,80,1.187639483,3,0,3,0,3,0,0,2,2,0,0,3,2,2,2,0,2,0,0,0,0,3,2,12
Tunguu,50,2.223850249,3,0,1,0,2,2,0,3,3,0,0,3,1,2,1,2,2,0,0,0,0,3,3,14
Tunguu,50,2.223850249,3,0,1,0,2,2,0,3,3,0,0,3,1,2,1,2,2,0,0,0,0,3,3,14
Ubago,70,1.206764122,3,0,2,0,1,0,0,0,0,0,0,0,1,1,1,0,0,0,0,0,0,3,0,7
Ubago,70,1.206764122,3,0,2,0,1,0,0,0,0,0,0,0,1,1,1,0,0,0,0,0,0,3,0,7
Uholanzi,0,26.4267356,,,,,,,,,,,,,,,,,,,,,,,,
Ukongoroni,90,0.05682784,2,0,2,2,3,1,0,0,2,0,2,2,3,3,3,2,2,2,2,2,2,2,2,19
Ukongoroni,90,0.05682784,2,0,2,2,3,1,0,0,2,0,2,2,3,3,3,2,2,2,2,2,2,2,2,19
Umbuji,40,0.214446674,3,0,3,0,3,0,0,2,0,0,0,3,0,2,0,0,2,0,0,0,0,3,2,9
Umbuji,40,0.214446674,3,0,3,0,3,0,0,2,0,0,0,3,0,2,0,0,2,0,0,0,0,3,2,9
UngujaukuuKaebona,50,0.394048297,3,0,3,3,3,2,3,3,0,2,3,3,3,3,3,3,3,2,2,2,2,3,3,21
UngujaukuuKaebona,50,0.394048297,3,0,3,3,3,2,3,3,0,2,3,3,3,3,3,3,3,2,2,2,2,3,3,21
Ungujaukuukaepwani,80,1.361930581,3,0,3,0,3,0,0,3,3,0,3,3,3,3,3,0,3,0,0,3,0,3,3,14
Ungujaukuukaepwani,80,1.361930581,3,0,3,0,3,0,0,3,3,0,3,3,3,3,3,0,3,0,0,3,0,3,3,14
Upenja,0,0.371015841,3,0,3,0,3,0,0,1,0,0,0,2,1,1,1,0,0,0,0,0,0,3,1,10
Uroa,70,1.23625657,2,0,3,0,3,0,0,0,3,0,2,3,3,3,3,0,3,0,2,2,0,3,0,13
Uroa,70,1.23625657,2,0,3,0,3,0,0,0,3,0,2,3,3,3,3,0,3,0,2,2,0,3,0,13
Urusi,0,57.31004149,,,,,,,,,,,,,,,,,,,,,,,,
Uvivini,80,1.606650766,2,0,2,2,3,0,0,0,0,3,0,0,0,0,0,0,0,0,0,0,3,0,0,6
Uwandani,0,4.318534678,2,0,0,0,3,0,0,1,0,0,0,3,1,1,1,0,0,0,0,0,0,2,1,9
Uzi,0,37.45781294,2,1,3,1,3,2,0,0,3,0,0,3,3,3,3,2,2,0,2,2,0,3,0,16
Uzi,60,2.25462272,2,1,3,1,3,2,0,0,3,0,0,3,3,3,3,2,2,0,2,2,0,3,0,16
Uzi,60,2.25462272,2,1,3,1,3,2,0,0,3,0,0,3,3,3,3,2,2,0,2,2,0,3,0,16
Uzini,100,1.447384008,3,0,3,0,3,0,0,1,0,0,0,3,1,1,2,0,0,0,0,0,0,3,1,10
Uzini,100,1.447384008,3,0,3,0,3,0,0,1,0,0,0,3,1,1,2,0,0,0,0,0,0,3,1,10
Vikokotoni,0,47.49948571,,,,,,,,,,,,,,,,,,,,,,,,
Welezo,40,18.34404814,3,0,3,0,3,0,0,1,0,0,0,3,1,1,1,0,0,0,0,0,0,3,1,10
Zingwezingwe,0,0.33268801,3,1,2,0,3,0,0,0,0,0,0,2,1,1,1,0,0,0,0,0,0,0,0,8
